avg_packet_len,avg_time_diff,dev_packet_len,dev_time_diff,unique_conns,percent_udp,src,target
1447.3131976472162,0.004759995744999825,198.70671625603305,0.005974257307945556,1,1.671011296036361e-05,67.163.55.124,0.0
100.83178809102247,0.02144565871988494,208.2091645526826,0.04761048607873711,9020,0.18569073639590766,192.168.4.2,0.0
1439.2621318254705,0.013656597789787263,116.96712310028538,0.024195384405078207,1,0.0,98.227.70.126,0.0
1428.7521968365554,0.02701598458214678,135.06068905095862,0.03791035436337683,1,0.0,76.66.55.241,0.0
1443.2927906132818,0.013206567122741004,95.8279473067937,0.022323716242452173,1,0.0,98.227.70.126,0.0
131.3148157605781,0.02863932285704325,269.38275954089903,0.054489511440435706,6629,0.2226960496412247,192.168.4.2,0.0
307.9849316019721,0.10321309464514715,448.41039020193574,0.14625537603251085,6834,0.6183598361224915,192.168.4.2,0.0
193.61078984964965,0.13049531946442422,264.8517954558311,0.16993381536722119,5172,0.6845363630178923,192.168.4.2,0.0
444.642301458671,0.12935855865864931,522.5422335652312,0.2048791944038227,3646,0.8254457050243111,192.168.4.2,0.0
282.88700593131637,0.10782932253591693,418.3526261310816,0.13402328901283025,5629,0.6398345212580372,192.168.4.2,0.0
296.9359170863441,0.14770017297726792,400.9480114227573,0.20116591636051592,4821,0.7526457922779359,192.168.4.2,0.0
305.48096438497834,0.1084197574777229,446.02818212145246,0.14700710065791545,4552,0.6788184344903367,192.168.4.2,0.0
252.7336061627347,0.10623861781438498,391.2051479910271,0.1304556109032072,5360,0.5970630717380838,192.168.4.2,0.0
189.03673640752922,0.13381152409601643,251.70299315047993,0.16078175994862084,4924,0.6499195297739836,192.168.4.2,0.0
330.3504920514762,0.12030593105704956,441.0454761588182,0.18173248551697088,5204,0.7792994288073773,192.168.4.2,0.0
252.88860239949486,0.11250634455374732,362.4550032532765,0.14078201287571565,5952,0.6732793096190276,192.168.4.2,0.0
873.8345490077345,0.05438746665373319,643.5985038397118,0.11214477243076476,5572,0.3249291238886901,192.168.4.2,0.0
1191.9469215851727,0.013577210462161649,508.79219290954677,0.04288055300346259,7251,0.1248316087104558,192.168.4.2,0.0
49.749066093453266,0.03141113955809835,65.74640902044591,0.05549015600812816,1,2.086942003881712e-05,67.237.199.161,0.0
928.2805726469048,0.00873258313446157,655.1010424803195,0.03014021900590129,8024,0.10229238639910695,192.168.4.2,0.0
49.67899208341379,0.01812528715466965,65.61950154974271,0.03996196874128713,1,0.0,67.237.199.161,0.0
1490.515837222034,0.0177624384669909,99.3136050125911,0.013096201906248278,1,0.0,70.173.227.146,0.0
452.8522231081748,0.004920722722774852,610.0655671705338,0.012070799539315811,8873,0.1296591613825923,192.168.4.2,0.0
1490.350163623429,0.021296727198799104,98.91797471081775,0.01284366427781886,1,0.0,70.173.227.146,0.0
49.218540509480945,0.00786747687668025,61.845214073819285,0.00910286126181425,1,0.0,67.237.199.161,0.0
1150.0495978552278,0.014297003056688833,369.29130782196995,0.01525569991605328,1,0.0,79.51.178.168,0.0
488.20190011421454,0.007578440886009554,625.968830293007,0.028916733684240407,6928,0.14103762156923821,192.168.4.2,0.0
1489.3688722133977,0.02068154446337083,107.40758058711675,0.01415416742439817,1,4.1080133647368135e-05,70.173.227.146,0.0
57.31771978838495,0.02193837342134435,44.336839842751196,0.031984409957489995,1,0.0,75.119.247.237,0.0
1359.2774566473988,0.03303267710146471,314.59652165081616,0.05341355671360895,1,0.0,79.51.178.168,0.0
264.8260166751744,0.04322861349932234,429.91145105749786,0.09533941107871743,6442,0.4056491407180534,192.168.4.2,0.0
1325.3986893714723,0.05287888528376256,336.448084775439,0.07344922826000976,1,0.0,79.51.178.168,0.0
202.0219877815755,0.03757652607057022,344.0649921672941,0.07509987393256967,6627,0.4177947627634093,192.168.4.2,0.0
1363.2566520564926,0.05050211115947846,317.6485300568883,0.06612888420328124,1,0.0,79.51.178.168,0.0
206.54344044026274,0.044479630062429006,327.2200029645795,0.11842761397684169,6517,0.48844310314219774,192.168.4.2,0.0
1324.8484806438184,0.04798093003539912,351.7546119286208,0.06678611240252667,1,0.0,79.51.178.168,0.0
388.15401853926863,0.13571766416859188,472.2300250180196,0.22954976906884347,4071,0.9477437098910054,192.168.4.2,0.0
365.26902367164485,0.11682296710008046,459.9205496296963,0.21547664939612138,4744,0.9420908259676928,192.168.4.2,0.0
288.68127272727276,0.21131898216767744,306.144733706452,0.2774801395232203,2428,0.9172727272727272,192.168.4.2,0.0
379.2326894837908,0.14723530521800016,469.05671229767626,0.2523035344413943,3897,0.9395685078504462,192.168.4.2,0.0
203.60626283367557,0.08125082066334902,331.04547295114594,0.16684723172884572,4058,0.6154175222450377,192.168.4.2,0.0
116.86158940397351,0.013696534208865529,219.3814235519063,0.027075630014419615,6825,0.2438216766273623,192.168.4.2,0.0
1428.0696243601144,0.04075547585293349,101.5994023242303,0.03795029387526148,1,0.0,143.238.87.59,0.0
1165.4130769704814,0.017647989372041373,344.9779925835664,0.017270780561186718,1,0.0,66.65.73.153,0.0
171.23588510848126,0.06422354222901709,285.24274282791407,0.16229385018705694,6681,0.45330991124260356,192.168.4.2,0.0
1427.937496210973,0.04540095991277449,101.20090558295163,0.036823509379606774,1,0.0,143.238.87.59,0.0
311.1181504946093,0.13536760541244494,416.8502350138245,0.24641843797818205,4488,0.9477603645659665,192.168.4.2,0.0
236.4388402295379,0.23110645244359898,279.14663190565597,0.3317058794425057,1649,0.9154334038054969,192.168.4.2,0.0
328.92070013969925,0.1672201856256893,425.1749421894123,0.27768738024652934,5272,0.8984304379981921,192.168.4.2,0.0
373.49943374858435,0.1212594392683066,473.7039936442196,0.22629011217625555,3497,0.955973952434881,192.168.4.2,0.0
222.1546509416017,0.1719546679060836,265.0419595987434,0.2789940659170155,3128,0.9336123264219136,192.168.4.2,0.0
338.2467554076539,0.22240601561827192,399.06329728182857,0.31488930353005945,2310,0.9099833610648919,192.168.4.2,0.0
712.7509634795375,0.09814550155104793,627.2960736965688,0.1826797796973266,4723,0.6223160212883098,192.168.4.2,0.0
268.4411811398635,0.13457548991141385,363.39662646045025,0.23761023793879857,3437,0.9417367836164471,192.168.4.2,0.0
276.2062113875438,0.22793105341671982,303.0583796638121,0.2952920578157402,2486,0.8984805476707297,192.168.4.2,0.0
198.6951356636519,0.06562500427766407,344.41419982583136,0.1053249556795986,5000,0.49694451234417014,192.168.4.2,0.0
1435.015943877551,0.041239419305811126,62.89851938261561,0.03143653490919286,1,0.0,24.79.163.73,0.0
226.52120194102278,0.042233810891140394,370.514582218926,0.07711249315059791,6308,0.5556550951847704,192.168.4.2,0.0
1435.156327844948,0.06876507998454381,63.26318305172382,0.0956975731596711,1,0.0,24.79.163.73,0.0
1124.6382384783578,0.012831519211697782,559.6339004987411,0.04149045719058513,6220,0.14955314496783917,192.168.4.2,0.0
1435.633874393204,0.053946844871761726,64.06340949634601,0.08584390552668039,1,0.0,24.79.163.73,0.0
50.718813450205516,0.020405611394212417,73.64204521356412,0.01650159249613508,1,9.90442232456792e-05,72.49.153.213,0.0
1435.2135033178802,0.0440717625104344,64.2347019009918,0.047891042476218566,1,2.2725206799381876e-05,24.79.163.73,0.0
197.0640891505876,0.017035467247188043,352.3990342659517,0.049331810497515366,7055,0.414146329594394,192.168.4.2,0.0
1372.2479478405505,0.017112225992831243,271.85948822646344,0.011201329132073296,1,0.0,90.24.251.177,0.0
180.14758878068693,0.003354819983641909,304.4812915183712,0.023971003115282965,7112,0.13413526819556326,192.168.4.2,0.0
1328.4778221751067,0.016587854493888866,291.5797664960303,0.010985687805754697,1,0.0,90.24.251.177,0.0
105.02952693406709,0.0022116496600864217,197.05471163915973,0.0083435502392702,7367,0.14512728249631626,192.168.4.2,0.0
1448.8998529107,0.014714805806990505,206.93842970018636,0.006418792661339892,1,0.0,90.24.251.177,0.0
108.63376667411592,0.0014670636294950353,215.44724133751873,0.0044042912332053165,8563,0.14675533841423474,192.168.4.2,0.0
1381.751826813028,0.014760376528104802,271.27421127846395,0.0072982036789848055,1,0.0,90.24.251.177,0.0
90.84452966489042,0.0013967969899129603,156.36787144980696,0.005396909894009643,8278,0.12970353689624162,192.168.4.2,0.0
1446.453490524134,0.026342797282005437,207.26739573817153,0.018291559084697418,1,0.0,90.24.251.177,0.0
104.6877666584425,0.010390786873212281,246.44326663927248,0.06223625437790213,7385,0.10057950257857586,192.168.4.2,0.0
1138.1247644444445,0.0021244891866048178,553.9414232426394,0.0028437712490351832,1,0.0,77.101.80.159,0.0
1485.4979372329453,0.0023279429465659644,108.12537012011909,0.0033935306283671292,1,0.0,81.99.243.124,0.0
1432.1425609123899,0.001997973030252491,91.0960847305061,0.002845647628754219,1,0.0,173.51.127.166,0.0
170.2909497416766,0.001929679673481687,387.92969259870364,0.004148698938183361,9453,0.04031798752896116,192.168.4.2,0.0
47.53007945516458,0.000243141486073731,59.12547763495738,0.001125666308734096,1,0.0,192.168.4.1,0.0
1134.2805277229454,0.0021752582694073404,556.5390077562726,0.0028675491614019964,1,0.0,77.101.80.159,0.0
1171.460313092399,0.0025255887915014616,252.87426801169866,0.0032331456957644107,1,0.00033632972543264235,81.99.243.124,0.0
1434.6053184645077,0.0029781475717510606,65.35897277456974,0.003071463642711173,1,0.0,99.112.28.101,0.0
1428.3685089583967,0.006407008097890073,106.34320932002238,0.006738663036927247,1,0.0,24.100.2.187,0.0
1434.5863339111252,0.006758437321421253,66.09821279639249,0.0065474353200206505,1,0.0,74.14.146.52,0.0
1427.1739195565876,0.008164955323023365,106.51218387114058,0.00890161646123642,1,0.0,98.83.176.144,0.0
1400.1536744988468,0.009535914969443829,207.63660331830494,0.011255445280998942,1,0.0,203.206.250.137,0.0
1434.650462962963,0.0032114064094250793,65.6821996643407,0.003422896498880849,1,0.0,201.238.156.239,0.0
1434.9204113504434,0.0066523302401243585,66.6806846775989,0.006377272915440845,1,2.9466364145328107e-05,142.162.155.4,0.0
893.7045716587717,0.0010052966467430395,656.2411485791373,0.002839578943567725,1,0.0,211.127.102.109,0.0
943.3221741061515,0.0045643771539231074,657.0113698526684,0.00582930543654452,1,0.0,41.132.229.228,0.0
1434.4840959731328,0.0039594744090003485,66.3086206250489,0.004372584772738122,1,0.0,80.61.132.203,0.0
1440.7954545454545,0.011065046698593897,204.37120714013318,0.01051612130120125,1,0.0,174.112.220.178,0.0
794.7441860465116,0.004734266635983489,260.0225990379154,0.005397552823822179,1,0.0,96.28.133.146,0.0
207.5175488917862,0.006335854510129508,430.5456570965278,0.01291902056648378,7947,0.11673402868318122,192.168.4.2,0.0
1428.619993557393,0.010933445166353636,109.86432198729136,0.009963586120491592,1,0.0,24.100.2.187,0.0
1400.5969311233318,0.017936056766840822,206.64755423057383,0.016204910795516326,1,0.0,203.206.250.137,0.0
1427.3331666410218,0.01421831559907438,105.28974109784362,0.012445986519537471,1,0.0,98.83.176.144,0.0
1434.6008822023553,0.012022765538845624,65.9838604815028,0.009734315861237335,1,0.0,74.14.146.52,0.0
1440.2905134164378,0.011966963991059981,202.79773596517936,0.011264016227373067,1,0.0,174.112.220.178,0.0
239.43687852015083,0.009912557238989072,467.1379455375685,0.019234398281706703,7243,0.1251548353099786,192.168.4.2,0.0
1377.1610424323421,0.028152030576391214,246.6449828771598,0.02297280879692015,1,0.0,203.206.250.137,0.0
1434.2774717654052,0.017054970674947486,68.39808459780329,0.015230287223307536,1,0.0,74.14.146.52,0.0
1430.4539873115493,0.007356967255285081,136.55733483608535,0.005486283403279164,1,0.0,110.32.8.235,0.0
1427.6609010458567,0.006419989819116201,102.34816219355052,0.005262465902938424,1,0.0,96.250.184.129,0.0
891.2162162162163,0.0009036220086587442,656.8961644403323,0.002078865139437539,1,0.0,211.127.102.109,0.0
110.64525478320142,0.0014617310834646494,286.1517800836761,0.003609333349272177,9123,0.04462760320458452,192.168.4.2,0.0
1429.045462301062,0.006460094432265783,134.01602916362768,0.00549874406958305,1,0.0,110.32.8.235,0.0
892.9680540185938,0.000672038759462518,656.391144680828,0.0018076591365511247,1,0.0,211.127.102.109,0.0
1434.2879141284902,0.0038936720499323637,68.69898544716237,0.004098276803232746,1,0.0,99.112.28.101,0.0
1426.175025185387,0.004973164120938801,112.83310524910644,0.004157183288137598,1,0.0,173.238.146.107,0.0
1438.107790436457,0.003637504315575219,82.29545867689683,0.003759759208489084,1,0.0,142.162.155.4,0.0
1486.0798720289995,0.001980105426418902,106.73372755411283,0.0029396451502150043,1,4.119238215546005e-05,81.99.243.124,0.0
1434.2411025819958,0.0033374483071252005,71.66494102496868,0.003244816809070461,1,0.0,121.208.77.96,0.0
883.9001305483029,0.002689449345162892,625.9714830281417,0.0030402605796934446,1,0.0,61.68.219.244,0.0
1465.4507147188772,0.002287791942916007,116.07329322807131,0.0022751709580984864,1,1.7326518236160443e-05,173.54.15.221,0.0
1396.009210964377,0.00478215783010933,215.55501504720104,0.004530995956908196,1,0.0,203.206.250.137,0.0
1434.205204608661,0.002370667337597703,69.14133645696253,0.003067190726260664,1,0.0,187.65.172.136,0.0
1427.376946350823,0.006157896121255006,104.01825363441667,0.00494876689038096,1,0.0,96.250.184.129,0.0
243.4830324216349,0.001416387589855581,476.0768894696697,0.00369579417172853,7214,0.06994084204056546,192.168.4.2,0.0
1429.0381087049936,0.00959448305171423,134.1901361568544,0.006001226499442561,1,0.0,110.32.8.235,0.0
1426.252931900693,0.006867976059085304,112.34517368032803,0.004542458601069327,1,0.0,173.238.146.107,0.0
1371.6255926639922,0.00615567444997253,248.97947808597652,0.005221366492359531,1,0.0,203.206.250.137,0.0
1427.1992133271633,0.005139028733662575,105.09488497446387,0.004165941736338632,1,0.0,96.250.184.129,0.0
51.55845297392324,0.005171257835520072,59.912870472467276,0.005298594615136563,1,0.0,82.114.89.164,0.0
538.2623597831121,0.0020606996901727697,656.7667537295931,0.0046639859815589026,7886,0.09251343254220339,192.168.4.2,0.0
1429.192875184744,0.012587582047929475,136.81412139490257,0.005637054148526893,1,0.0,110.32.8.235,0.0
1426.1341805926133,0.0069681208817715425,113.81279142006649,0.0044107554060120405,1,0.0,173.238.146.107,0.0
1366.867223382046,0.007374561753800617,258.0229161588739,0.0054623828574136835,1,0.0,203.206.250.137,0.0
51.12428177882723,0.005909425505781118,62.92496503564864,0.005568532087977434,1,0.0,82.114.89.164,0.0
51.53158258465791,0.00573781678490418,58.44333951173727,0.005180516468529287,1,0.0,186.2.144.211,0.0
718.2860015153475,0.001593285930653918,686.2291738371882,0.004037590089626993,8819,0.09217748045756102,192.168.4.2,0.0
1428.5959111597483,0.012598550207895317,131.27904932309653,0.005630449460249622,1,0.0,110.32.8.235,0.0
49.854959247975415,0.00632499884252849,65.97172602750094,0.006684854061359668,1,0.0,82.114.89.164,0.0
1400.1215319504677,0.007519318645255457,207.46915801301773,0.006480696636716787,1,0.0,203.206.250.137,0.0
50.821596244131456,0.00647581391898272,55.20410628434479,0.008446252917746843,1,0.0,186.2.144.211,0.0
773.4914790774754,0.0020805824651267896,686.1059968117632,0.007427790903197334,6967,0.0754789196440902,192.168.4.2,0.0
1430.9974458932652,0.013408690461303916,116.86826245138778,0.005962414437575223,1,0.0,110.32.8.235,0.0
50.71639705721833,0.009388236422606108,68.98148825154153,0.01689941749719796,1,0.0,82.114.89.164,0.0
1475.2341597796144,0.00968342733777259,122.76732325321056,0.008576051347259004,1,0.0,65.92.33.243,0.0
885.4177427171654,0.0026214223573369404,669.1456044200588,0.009845259734076194,8812,0.11786411773455982,192.168.4.2,0.0
1434.851490072975,0.013726203062253525,86.59363106338441,0.006289941174284526,1,0.0,110.32.8.235,0.0
49.773938617902445,0.023172761187023546,65.79628630966822,0.0364773133973719,1,2.0007202592933457e-05,82.114.89.164,0.0
1160.9162098863862,0.028410104423232684,519.0660363858236,0.10848770476884222,7540,0.2391493920669723,192.168.4.2,0.0
49.6836258609198,0.0405704294885696,65.85617233348766,0.046273662240346985,1,4.4434570095534326e-05,82.114.89.164,0.0
415.2103731145806,0.13780525484191916,494.20181642898655,0.24664184819127521,4760,0.9437240892652378,192.168.4.2,0.0
406.2122752518121,0.12883749156755478,486.3685683993203,0.22768352573972364,4522,0.9535912642379742,192.168.4.2,0.0
251.78710876975518,0.197067289297744,284.8954839439334,0.27722527471153413,3054,0.9251626898047722,192.168.4.2,0.0
503.67670775256306,0.12624536585305202,547.6168817704205,0.22049884716156354,5950,0.8186844833544522,192.168.4.2,0.0
417.8009129213483,0.12018732048487396,495.16292617130074,0.21555073750299675,4959,0.9504037921348315,192.168.4.2,0.0
543.940388929544,1.4697662211511887e-05,8.86257515055882,3.1479777049174654e-05,1,0.9999580119246134,172.16.0.5,1.0
543.9382135862932,1.4539667162997122e-05,8.475509617144127,3.0493656433291754e-05,1,0.9999940019013973,172.16.0.5,1.0
930.2167374756136,3.342013491009831e-05,624.1672004944843,7.585725227751026e-05,1,0.9997205590888156,172.16.0.5,1.0
543.9220194244821,1.868777687014714e-05,8.433939952659086,3.5627774364455265e-05,1,0.9999218209700214,172.16.0.5,1.0
932.6719634237683,3.4063337705582976e-05,623.2649743046178,8.149072216298808e-05,1,0.9999791944074568,172.16.0.5,1.0
543.8209196891191,2.271451329091441e-05,10.163506271006023,4.1926744968575595e-05,1,0.9999880061408559,172.16.0.5,1.0
543.9592656907467,1.6355095220743547e-05,7.828287815795855,3.306425289322048e-05,1,0.9999760068860237,172.16.0.5,1.0
543.9650939236793,1.83154737255838e-05,7.011957911842357,3.4954052362653104e-05,1,0.9999760054467636,172.16.0.5,1.0
928.9268691045355,3.489607941474328e-05,625.3780608162384,0.00010654143813167486,1,0.9997725804367489,172.16.0.5,1.0
929.1148553646383,3.359967917915639e-05,624.8043989501094,7.6143316400702e-05,1,0.9998035688439509,172.16.0.5,1.0
394.21841646855177,8.1993582053386e-05,43.62286418054135,0.0001523542057640213,1,0.9998510029908958,172.16.0.5,1.0
393.27102844619805,0.0001017261086574365,45.65369514513695,0.00019602488321859737,1,0.9996150599063021,172.16.0.5,1.0
929.2394529331161,3.468995072232083e-05,624.344570054303,0.00011452195197764378,1,0.9999172677680395,172.16.0.5,1.0
930.9985395260193,3.4812629163601085e-05,623.8911893747941,0.00011054166928092994,1,0.9999792840570103,172.16.0.5,1.0
930.0438304299252,3.469976132048342e-05,624.7388207924768,0.00011395854896158114,1,0.9999172425207928,172.16.0.5,1.0
929.4909386184496,3.448472798485956e-05,624.2447801528994,8.456385636714118e-05,1,0.9998241512712829,172.16.0.5,1.0
930.5159366262815,3.422043073420521e-05,623.3983320017593,7.737271160770931e-05,1,0.9998239618929274,172.16.0.5,1.0
931.105257434049,3.443329874737696e-05,623.9556629687805,7.803533460485774e-05,1,0.999906783084237,172.16.0.5,1.0
928.4531019087874,3.433708131270821e-05,624.6195003493004,7.784623347519388e-05,1,0.9999586618852248,172.16.0.5,1.0
930.6138034967063,3.44259692891934e-05,624.7018355510495,7.81485489585723e-05,1,0.9998135642374777,172.16.0.5,1.0
930.3066826763829,3.4204723375765206e-05,624.2602269282368,7.725989038332027e-05,1,0.999782626697582,172.16.0.5,1.0
930.2769349380634,3.419144013377775e-05,624.3765237903489,9.961957462756894e-05,1,0.9999379081247218,172.16.0.5,1.0
929.3668630795472,3.396410741701036e-05,624.6358823487263,0.00011305421076045204,1,0.9998966247997105,172.16.0.5,1.0
929.4038433700058,3.399768398500118e-05,623.8989520404268,0.00010620453435464213,1,0.9999586400860286,172.16.0.5,1.0
929.699834488466,3.4122271215680146e-05,624.8955101261182,0.00010089773893129333,1,0.9998862108203166,172.16.0.5,1.0
929.9968183511298,3.396024713649644e-05,624.3647904446511,0.00010269545574764286,1,0.999886184918467,172.16.0.5,1.0
930.5158175916675,3.4130206292414046e-05,624.3084276382773,8.665151136756473e-05,1,0.9997515154966325,172.16.0.5,1.0
929.4413201859388,3.411735508986413e-05,624.6944331488878,7.750007136019947e-05,1,0.9997518058708253,172.16.0.5,1.0
928.336641844228,3.463077325513902e-05,624.4597545471202,7.866369333819145e-05,1,0.9995352247962735,172.16.0.5,1.0
930.5381744392506,3.7761081339341295e-05,623.7487808151626,0.0013488826068336472,1,0.9998032912480135,172.16.0.5,1.0
929.2112053592197,3.4663766206151e-05,624.8777920022605,7.907304654638516e-05,1,0.9997622259783626,172.16.0.5,1.0
930.1401504568549,3.495446945280588e-05,624.4754885220518,7.997094044655292e-05,1,0.999741305270129,172.16.0.5,1.0
928.5589854106265,3.470860431399299e-05,624.9217343851855,7.958004713029414e-05,1,0.9998346227590091,172.16.0.5,1.0
928.4853612206554,3.503770060117178e-05,625.1633118314779,8.009833200767037e-05,1,0.9998348233642351,172.16.0.5,1.0
930.0505911878089,3.4574281567605153e-05,623.909210355146,7.946899901851805e-05,1,0.9998137176269696,172.16.0.5,1.0
928.5868436952918,3.4432924350128596e-05,624.7654213361903,7.91340117793584e-05,1,0.9997211334376501,172.16.0.5,1.0
927.9525817791382,3.4625259127828835e-05,624.2241939769892,7.953546216029804e-05,1,0.999710927458278,172.16.0.5,1.0
928.9196793583031,3.4448081904246704e-05,625.074960212607,7.851162446209912e-05,1,0.9996899016471391,172.16.0.5,1.0
928.6739714421507,3.3892811070155015e-05,625.0021424551119,7.8063596162242e-05,1,1.0,172.16.0.5,1.0
930.3821084343585,3.4786796828499974e-05,624.2036567880629,0.00034179456840783493,1,0.9998757673951528,172.16.0.5,1.0
930.8919267461494,3.39857113729207e-05,624.6821263752383,7.720320058691315e-05,1,0.9995649516785614,172.16.0.5,1.0
930.477791352605,3.398280718209462e-05,623.6143565124901,7.759459652379098e-05,1,0.9998343410916922,172.16.0.5,1.0
929.2867224336173,3.4279019979145124e-05,624.9166011703888,7.835819106145412e-05,1,0.999731160559186,172.16.0.5,1.0
928.9030802625458,3.415360870432303e-05,624.5264123116195,7.793065324034319e-05,1,0.9999173083880304,172.16.0.5,1.0
929.5974448327921,3.421581994833144e-05,624.9265005884579,7.800638838541488e-05,1,0.9999896593799764,172.16.0.5,1.0
930.8431049831273,3.4110510524251194e-05,624.180648958229,7.811720472045319e-05,1,0.9999896486760657,172.16.0.5,1.0
930.7685572561771,3.4010977184402394e-05,623.7183326387574,7.689445222169499e-05,1,0.9999171551063522,172.16.0.5,1.0
929.466650468372,3.376798053521293e-05,625.083920500557,7.74901249509951e-05,1,0.9998966066295829,172.16.0.5,1.0
927.978268726379,3.396189224370161e-05,624.686438790846,7.718945608470488e-05,1,0.9996695648582227,172.16.0.5,1.0
928.6363617577467,3.389234171262223e-05,625.2389913024778,7.733735807462264e-05,1,0.9999483380345722,172.16.0.5,1.0
930.1003012297627,3.4134357909742414e-05,624.5946432068755,7.825580817398185e-05,1,0.9998033207734669,172.16.0.5,1.0
930.668834194477,3.409232005261096e-05,623.6969793038495,7.769511243256262e-05,1,0.9998032657879206,172.16.0.5,1.0
928.3187170138709,3.493582005233419e-05,625.1418683458977,7.989775822554848e-05,1,0.9999277016349759,172.16.0.5,1.0
928.5591226166486,3.691538232848582e-05,625.5047708906292,8.557448629259749e-05,1,0.9995142871906164,172.16.0.5,1.0
926.8653144141729,3.6705370515994915e-05,625.2423096592397,8.510620529195697e-05,1,0.9997318868975189,172.16.0.5,1.0
928.3869655450125,3.664362795027917e-05,624.1663176974488,8.500189195628984e-05,1,0.9998760983366202,172.16.0.5,1.0
929.3906751497548,3.483727798694168e-05,624.7091460230757,7.97464789323152e-05,1,0.9993694536470904,172.16.0.5,1.0
932.8746564331276,3.355432828976295e-05,623.0480801738626,7.652893337227611e-05,1,0.9998859098687963,172.16.0.5,1.0
927.9089702677861,3.4679053516232134e-05,625.6205734938022,0.0005781550655315382,1,0.9999070545589739,172.16.0.5,1.0
929.551035606237,3.325845039100756e-05,624.1265811628123,7.53761832376088e-05,1,0.9998965686654772,172.16.0.5,1.0
928.8391720732262,3.3356594474824324e-05,625.1179390526121,7.635842224240707e-05,1,0.9997107318484235,172.16.0.5,1.0
929.1512114178785,3.346549245799241e-05,624.4822657749465,7.621074049766726e-05,1,0.9998449219699045,172.16.0.5,1.0
931.4109623105816,3.2989157093820325e-05,622.6918225102934,7.484694811131408e-05,1,0.9996787980831499,172.16.0.5,1.0
929.8817633612264,3.352203594442101e-05,624.6433523455264,7.625936459438752e-05,1,0.999689694763082,172.16.0.5,1.0
929.2269309920475,3.353570377675428e-05,624.150953246317,7.653851381177e-05,1,0.9996794175741217,172.16.0.5,1.0
929.1810343936402,3.360826254652586e-05,625.266291538392,7.674530442428519e-05,1,0.999824258526046,172.16.0.5,1.0
930.714455822815,3.344333010021918e-05,624.0258294563118,7.590611977973375e-05,1,0.9998861012456381,172.16.0.5,1.0
930.3191809742618,3.362546560317144e-05,624.0482854578192,7.690272136945907e-05,1,0.9998447638858704,172.16.0.5,1.0
928.8918307239188,3.339968953201372e-05,625.2665167910636,7.584929910964517e-05,1,0.9997829793830414,172.16.0.5,1.0
929.546134998501,3.3447527205874924e-05,623.8442636280522,7.596897128332176e-05,1,0.9996898487495736,172.16.0.5,1.0
929.3282041736469,3.326321700467868e-05,623.8755406091077,7.647636110597446e-05,1,0.9996897685673513,172.16.0.5,1.0
930.406420793309,3.683162435430215e-05,624.6925337986049,0.001493629436621502,1,0.9997308711493872,172.16.0.5,1.0
929.9996118795896,3.366503674232137e-05,624.422781008687,7.646368775967635e-05,1,0.9998137022029715,172.16.0.5,1.0
929.3691328601192,3.3446055774185724e-05,624.0394840524342,7.589241503099052e-05,1,0.9995243732842541,172.16.0.5,1.0
931.0244113411994,3.311173393966588e-05,623.8110866233263,7.482731884351448e-05,1,0.9997410212051837,172.16.0.5,1.0
930.0072224952789,3.346581871900513e-05,624.5776679913185,7.581378952705529e-05,1,0.9999379155133611,172.16.0.5,1.0
930.3422639224555,3.349272627397448e-05,624.4486053931126,7.575067357749227e-05,1,0.9997619429594631,172.16.0.5,1.0
930.8048493701309,3.343702385165927e-05,623.9724997853225,7.608631374012903e-05,1,0.9997410077904857,172.16.0.5,1.0
621.5757044489284,0.000841337331129788,472.975280656861,0.014522259944699951,1,0.9967687770738384,172.16.0.5,1.0
399.86494822452335,4.3515555408603745e-05,85.19483517266993,8.272445487155191e-05,1,0.9999200035553976,172.16.0.5,1.0
393.0296501375544,2.7984439657625324e-05,53.756000502667156,5.0376284564571356e-05,1,0.9998164484077992,172.16.0.5,1.0
393.09549001483737,3.4334663593222744e-05,44.28971080681851,8.183316669302145e-05,1,0.9998994818947226,172.16.0.5,1.0
391.79511395174654,3.872649405180784e-05,43.48636581913932,7.190384673972283e-05,1,0.9999519605552486,172.16.0.5,1.0
393.30593241836584,5.57825725943927e-05,41.45413079592186,0.00010173716045198368,1,0.9999169006569222,172.16.0.5,1.0
394.2111147382235,7.666587211133494e-05,56.34699875772293,0.00024740116851448336,1,0.9997283317157386,172.16.0.5,1.0
395.8910158957153,9.630187563190405e-05,66.91688542100421,0.00018853521944741866,1,0.99975798910951,172.16.0.5,1.0
394.5611966761935,8.57116763549115e-05,58.73998878654463,0.0001630385527079813,1,0.999744186867083,172.16.0.5,1.0
392.62525529428467,7.79365668039181e-05,41.61192590921659,0.00014376346474642674,1,0.999724773648169,172.16.0.5,1.0
392.6689165000393,6.810404791025035e-05,39.61345754962631,0.0001278455743727845,1,0.9998646607350232,172.16.0.5,1.0
393.01468166759605,6.937747657982669e-05,51.62468513232939,0.00012777238158650267,1,0.9999125310241523,172.16.0.5,1.0
393.8393537453692,7.275839663187908e-05,51.83863691942119,0.00014540160916131094,1,0.9998773876564402,172.16.0.5,1.0
391.77623188153194,4.156448136669004e-05,38.36870946466472,7.809438437689803e-05,1,0.9999084953365301,172.16.0.5,1.0
391.3947000726912,3.315920241123279e-05,39.69176115765046,5.986869512009113e-05,1,0.9998476532064647,172.16.0.5,1.0
391.66281667690134,3.418588187034974e-05,34.41486300680676,0.00014335387346006194,1,0.9999303169273249,172.16.0.5,1.0
392.2597211648164,5.275758254726907e-05,38.144206095118356,0.00048605018720239163,1,0.9998647490112498,172.16.0.5,1.0
391.6363246327573,4.528153303921344e-05,36.719121651577716,8.153326878762752e-05,1,0.9998954624154716,172.16.0.5,1.0
418.4477536934315,0.0025924402090203276,176.68488844718402,0.04547764199138205,1,0.9907970857438189,172.16.0.5,1.0
393.4635771443326,6.719257910730373e-05,49.42959043799533,0.00012220018364255216,1,0.9998774635837088,172.16.0.5,1.0
391.4812913842417,3.616189539626877e-05,40.6107465515529,6.408182387908525e-05,1,0.9997953915205022,172.16.0.5,1.0
393.0551855251082,4.2266572909173645e-05,47.8962348926358,7.57047925706034e-05,1,0.9999344434246755,172.16.0.5,1.0
393.9232029651568,6.188823769091735e-05,55.44933286188662,0.00011160138471403681,1,0.9997634183420883,172.16.0.5,1.0
392.30884114478215,6.66128597661988e-05,44.41044696358186,0.00011870767290734996,1,0.9998821791618575,172.16.0.5,1.0
392.1535639984473,4.621460309881999e-05,37.68644373714209,8.109238095864171e-05,1,0.9997121411031974,172.16.0.5,1.0
391.8981512758877,6.501425045138803e-05,35.49051336081139,0.0002064975632732835,1,0.9999041095591873,172.16.0.5,1.0
392.1483807517603,7.0306129951269e-05,43.1414907628929,0.0008390193361188505,1,0.9997906567490301,172.16.0.5,1.0
390.9579455914839,3.933593141178537e-05,37.682613943973884,8.998657931630912e-05,1,0.9997129985562958,172.16.0.5,1.0
391.32906370561426,4.149482717128291e-05,37.30046683820413,7.831842768129502e-05,1,0.999908195717986,172.16.0.5,1.0
391.9075293819412,8.704391472606302e-05,37.78977405166547,0.00016130992568627408,1,0.9996940519324992,172.16.0.5,1.0
392.0734596639426,6.753874762781346e-05,38.98659660389128,0.00012270714848350284,1,0.9997120255511874,172.16.0.5,1.0
391.7867830178572,5.7233354985061155e-05,35.3736547165256,0.000502453049123804,1,0.9996676513225072,172.16.0.5,1.0
391.7387856128149,3.659122706513082e-05,36.45969619426485,6.582179367639853e-05,1,0.9998823437132324,172.16.0.5,1.0
391.2146160640089,3.5983195139129117e-05,33.88092822468166,6.671459522444661e-05,1,0.9998912301005469,172.16.0.5,1.0
391.8267944294162,5.563049803338989e-05,35.09598032415984,0.0001035746422165669,1,0.9997384293116114,172.16.0.5,1.0
391.72422643910323,6.5095459213648e-05,35.33230803132121,0.00012380416076339235,1,0.9998431198237713,172.16.0.5,1.0
390.3854201272856,3.199602398318204e-05,31.433562287159553,5.728463268752381e-05,1,0.9998870888241821,172.16.0.5,1.0
390.92541099597645,2.914678466346184e-05,31.909800223453495,5.238367668611745e-05,1,0.9999913051228043,172.16.0.5,1.0
391.05164536703,4.040105261048213e-05,33.035251308564625,0.0001739797382186933,1,0.9998912729115157,172.16.0.5,1.0
391.4737749601595,6.035065244623674e-05,34.99559362806596,0.00010896632095697649,1,0.9997169803105379,172.16.0.5,1.0
390.72773012852264,3.896242512893939e-05,32.57330327913507,7.177134687347534e-05,1,0.9999478609974192,172.16.0.5,1.0
390.96451211770744,3.0211772923013552e-05,35.23728948644502,5.80274300012514e-05,1,0.999926085028305,172.16.0.5,1.0
123.78219587913374,0.0014726897827443033,245.0939308959269,0.057551924614880436,1,0.15916814918158492,172.16.0.5,1.0
40.47946132744309,2.4500452887607474e-05,20.92705705728524,3.647730062818158e-05,1,0.0,192.168.50.1,1.0
543.9503741583312,2.4253087143658957e-05,11.135226100197718,4.44157535510361e-05,1,0.9999340161660393,172.16.0.5,1.0
40.091934799387715,4.936845189802166e-05,10.558563566408774,0.0001166419213104751,1,9.766781361523894e-05,172.16.0.5,1.0
40.23319506441344,2.36755081099948e-05,14.299795824652017,3.581375194053136e-05,1,0.0,192.168.50.1,1.0
40.04371651293613,4.6687061055324386e-05,5.973913167072406,0.00011217566283256253,1,0.0003122849867088463,172.16.0.5,1.0
40.18259308309705,2.283866554653635e-05,12.176646584754474,3.500075466859093e-05,1,0.0,192.168.50.1,1.0
290.7405134331163,0.0003794656003720374,252.22486556501437,0.04826570453234535,1,0.4980713960944722,172.16.0.5,1.0
47.10903355319759,0.0043879675666890034,75.54960176534577,0.12776861502505246,6,0.0018927444794952682,192.168.50.1,1.0
543.7111146421387,3.661453870617909e-05,15.835990990676251,6.49932099094175e-05,1,0.9999880078308865,172.16.0.5,1.0
543.6997916385603,3.352608100108972e-05,13.846530977731366,6.032561564732246e-05,1,0.9999160558228778,172.16.0.5,1.0
543.7699396384327,2.9890388647368327e-05,14.90662333897849,5.34834998683137e-05,1,0.9999096834404588,172.16.0.5,1.0
543.8091416713148,2.745501453746898e-05,15.539083971030152,4.9539667845830864e-05,1,0.9998500578776592,172.16.0.5,1.0
543.7808636514928,2.7703583884113587e-05,12.642765044876292,0.0011460420199903216,1,0.9998020936097226,172.16.0.5,1.0
543.9169873111746,2.1836454226664408e-05,13.137789103844558,4.0912232430614446e-05,1,0.9999940019733508,172.16.0.5,1.0
543.8550356907205,2.0772092494400553e-05,9.432928812793927,3.9113196493439e-05,1,1.0,172.16.0.5,1.0
543.8708334707807,2.016965653704924e-05,9.78382311795806,3.801782663937946e-05,1,0.9998800459424041,172.16.0.5,1.0
543.935804468436,1.9856551040647127e-05,9.841731615002512,3.781561021873832e-05,1,0.9999640125955915,172.16.0.5,1.0
543.9307560807366,1.9682422237855586e-05,6.539616951938004,3.71561134631137e-05,1,0.9999880034789911,172.16.0.5,1.0
543.8898231893098,1.5919559379372457e-05,10.577195286840698,3.236335754068451e-05,1,0.999952018808627,172.16.0.5,1.0
543.8956817196009,1.975555216882871e-05,9.63859626339174,3.776406743602083e-05,1,0.9999518049062606,172.16.0.5,1.0
543.9546607958056,1.946946878220237e-05,6.84794999423298,3.6634740122852804e-05,1,0.9999820034913227,172.16.0.5,1.0
543.9611058791068,1.9292195319574497e-05,5.22810427034138,9.710272780636268e-05,1,0.999988003047226,172.16.0.5,1.0
543.8727125506073,1.9105655854923435e-05,9.358557424813979,3.615438924410388e-05,1,0.999952016794122,172.16.0.5,1.0
543.8418798805283,1.803681079041272e-05,9.311648323629731,3.442318046490234e-05,1,0.9999760096920844,172.16.0.5,1.0
543.8464403191614,1.73891909194336e-05,9.649120663246736,3.41320726422387e-05,1,0.9999820089415561,172.16.0.5,1.0
543.8574834675424,1.6974588404146964e-05,9.337631982932832,3.3012965910432816e-05,1,0.9999280219533042,172.16.0.5,1.0
543.9245297730436,1.6626601404274535e-05,7.875582333908697,3.252118165685243e-05,1,0.9999940022071877,172.16.0.5,1.0
543.7911736661249,1.5695840224868798e-05,10.566678531346147,3.1270312804878934e-05,1,0.9999280364135748,172.16.0.5,1.0
543.912489277852,1.5460839408752184e-05,10.405803188700387,3.1041602596970197e-05,1,0.9998980271247848,172.16.0.5,1.0
543.895386147046,1.5299069572364583e-05,8.733374572631487,3.1991207365109715e-05,1,0.9999640151855916,172.16.0.5,1.0
543.8964473885442,1.51303857940725e-05,9.19747777531907,3.125082812636664e-05,1,1.0,172.16.0.5,1.0
543.9264773811167,1.5014166768953348e-05,8.340359579435388,3.0430733742366407e-05,1,1.0,172.16.0.5,1.0
543.8812825372454,1.5675797788606588e-05,9.57027711456141,0.00044940203335797654,1,0.9999280282129406,172.16.0.5,1.0
92.62706231506115,0.18593660216665636,37.83535805438318,2.1396971230218695,377,0.9596888198157856,192.168.6.2,0.0
100.32012719392665,0.014619112774142152,19.75555803932625,0.17154917328948874,2,0.9989054682495013,97.81.96.137,0.0
94.03014260345924,0.15831533189036176,33.84856636081401,1.8520090764399924,390,0.9641474359240946,192.168.2.2,0.0
93.3764259027611,0.17443943659856903,51.96193873106162,2.0591686297990157,375,0.9582729283507162,192.168.6.2,0.0
107.36814244599907,0.014188958990427051,23.819806097715865,0.1787967186560682,2,0.9985094545160742,97.81.96.137,0.0
94.76805651954106,0.1508683829859439,33.167235096181344,1.7592336829758894,345,0.9651765593001037,192.168.2.2,0.0
112.46659487770238,0.017528649838383568,22.214136946392717,0.2740818376705299,2,0.9979357691495869,97.81.96.137,0.0
97.07665314374525,0.17135820269583063,63.23983049330463,1.9569362574466351,400,0.9537222175216092,192.168.6.2,0.0
95.2918590365341,0.15755545478736113,34.75634028358482,2.0119734811967915,413,0.9670567949132449,192.168.2.2,0.0
97.98025434859211,0.23692937066829436,39.27499000778171,2.4771204973501892,364,0.954787455553064,192.168.2.2,0.0
102.28791233722038,0.20047633489542732,41.02530835093427,2.313238857630874,387,0.950973274649485,192.168.6.2,0.0
117.82689570829834,0.015197011027373829,23.190316045409826,0.16367409318006906,2,0.9986029446966301,97.81.96.137,0.0
101.89013758587906,0.16690860119845696,39.46583359535436,2.005077164797395,361,0.9577152133747108,192.168.6.2,0.0
126.18588853107701,0.016343082982908534,23.587507864968156,0.20523584847030818,2,0.9974163877838816,97.81.96.137,0.0
97.497159884533,0.2718911346605041,38.05043399618031,2.9590352325287386,313,0.9549019748293424,192.168.2.2,0.0
125.39987346439405,0.04962488916650014,22.811662595223982,4.187825769698466,2,0.9952193004508355,97.81.96.137,0.0
105.4035354933998,0.21203232008814332,46.63452119226448,2.2787797206417393,332,0.93775632656829,192.168.6.2,0.0
97.73184519705953,0.26633784929120036,38.75486852169874,2.9785942332437165,302,0.9553776823099978,192.168.2.2,0.0
103.62756055254853,0.20542293663660274,40.00420977421306,2.471292814452724,426,0.9510480449729368,192.168.6.2,0.0
96.18505070652022,0.22140700934586086,39.33027738561557,2.302907754770215,443,0.945023457032896,192.168.2.2,0.0
106.25876593646545,0.019923358639671894,24.61562977109154,0.22382404644742782,2,0.9988730013383109,97.81.96.137,0.0
76.58333333333333,4.13952507575353,117.61296954868801,5.634711161260461,4,0.0,192.168.3.2,0.0
1201.8566973890795,0.013875873905285477,520.9637962083176,0.02516298523089196,7765,0.15449642379484793,192.168.4.2,0.0
46.527257507586064,0.016315908665011914,26.835374124307247,0.0287376746713427,1,0.0,188.49.90.11,0.0
53.30316882655779,0.03149875770469299,21.560078444802716,0.033150340078989184,1,0.0,125.63.134.192,0.0
53.39638348686455,0.024833431100731454,25.270703639224113,0.025129960773393127,1,0.0,81.156.137.17,0.0
1044.3168096533445,0.02285642306109706,1615.4761059204166,0.03218593982343797,9932,0.3919090465229825,192.168.4.2,0.0
45.90299572039943,0.006620629877914886,22.38658411092891,0.013973492555502344,1,0.0,212.123.168.37,0.0
56.519930675909876,0.024600009295652533,11.439412208303919,0.04099210035695718,1,0.0,187.135.35.12,0.0
532.9163676309045,0.01753170925090203,1138.1820275116813,0.033111712332759204,11126,0.32738078472241783,192.168.4.2,0.0
45.008633633633636,0.01837952200834219,7.733067043647317,0.03048312793064523,1,0.0,189.115.15.100,0.0
2601.84126984127,0.0026491180298820376,3447.858076414436,0.01162030597031613,1,0.19047619047619047,192.168.4.1,0.0
6351.679969737091,0.008584592390628625,2952.682948458585,0.022165486442877688,1,0.006809154529979195,192.168.2.2,0.0
1750.0940510994365,0.02040286742443994,1840.972212691656,0.027755620255876114,9964,0.24147304713545673,192.168.4.2,0.0
42.96877567789647,0.03456043080413743,7.135065645170831,0.03476720165629457,1,0.0,76.184.243.89,0.0
45.82627283326856,0.03632196087126195,31.99042280212017,0.03714281637062377,1,0.0,121.1.52.54,0.0
552.2044268348066,0.021199033337188873,1073.7685159897105,0.02640880849313532,11782,0.5081908949103905,192.168.4.2,0.0
1221.2366252051156,0.019116685259754775,2024.3873787604225,0.03775786896486481,7751,0.2496022947903749,192.168.4.2,0.0
45.53062554300608,0.012163717471237913,11.56596738368275,0.016143020825712204,1,0.0,24.210.69.112,0.0
44.61828372632393,0.01036596289001748,9.704199532545827,0.017681447949482523,1,0.0,24.16.217.191,0.0
1385.9757258222826,0.021264760133963174,891.7764434903388,0.02514267627381457,367,0.0024233562807573325,192.168.4.2,0.0
324.0233082093004,0.01729457654426485,871.5860656933958,0.036596369097917573,9840,0.2843568882479388,192.168.4.2,0.0
6438.90745649418,0.00011180622368566696,3114.8798302544087,0.0022930858941414586,1,0.005531865852253083,192.168.4.1,0.0
6460.573664077895,0.007921842513388963,3098.0325592958743,0.02041082416098495,1,0.005563927205285731,192.168.2.2,0.0
605.8030575475655,0.020629751593404695,852.3424911431731,0.02673825188274196,10755,0.43437502221021884,192.168.4.2,0.0
47.17871820504276,0.02540695713610566,7.417227783059606,0.02972893088546561,1,0.0,66.93.217.114,0.0
1107.5998566018823,0.009822509343489882,572.7465795389895,0.026723973380458087,8389,0.1503522303280058,192.168.4.2,0.0
49.603762505928316,0.031129582528782188,66.06858060032256,0.04129900779107803,1,0.0,72.25.108.62,0.0
1429.3637018365143,0.04233709109700924,107.52470505804224,0.04590686508349016,1,0.0,99.139.238.149,0.0
1124.241895809852,0.009617781044020246,561.8722929366339,0.027445295763838154,7961,0.1475377297634491,192.168.4.2,0.0
49.674461538461536,0.025476171792402566,65.7010731962951,0.040252742180337635,1,0.0,72.25.108.62,0.0
1428.4073312137648,0.03893143889479087,104.0036933744441,0.036856724228236146,1,0.0,99.139.238.149,0.0
455.861197165545,0.02278899987216044,811.1425232293103,0.025370511452341652,12349,0.5695046825481608,192.168.4.2,0.0
59.49781181619256,0.015698445182399625,8.080271948919291,0.02216425267355925,1,0.0,59.96.39.154,0.0
409.15260646108663,0.020510852977276083,858.1956028574698,0.04089907660386321,10396,0.2827826725403818,192.168.4.2,0.0
57.53200332502078,0.027869978648666926,14.682936259413205,0.032587765439443854,1,0.0,95.89.140.248,0.0
1284.901094646707,0.011022121719573714,424.5477995784885,0.026101850126224277,6153,0.12181550420550816,192.168.4.2,0.0
53.478397538790794,0.028794535389394287,24.675714115616607,0.032956318094942844,1,3.344034242910647e-05,81.156.137.17,0.0
1158.452988381842,0.022922131444525755,1582.568900062594,0.040239196171361895,13207,0.382268834590969,192.168.4.2,0.0
59.14846625766871,0.02715363707279135,8.293521102473195,0.04362528727622962,1,0.0,59.92.180.63,0.0
56.757909806728705,0.009263189024983258,34.373016188687934,0.018888193972987962,1,0.0,88.151.101.186,0.0
611.1475477612677,0.01983246669786,1414.8534973223834,0.04898409061417049,10519,0.2124265685935726,192.168.4.2,0.0
6237.922234392114,0.00024370289318924535,3216.4697414007956,0.0039228830785663195,1,0.008214676889375685,192.168.4.1,0.0
6289.748403221328,0.01102305160433476,3185.6792033538004,0.031778464237606274,1,0.00833101916134407,192.168.2.2,0.0
1068.7711209616598,0.02470007134816691,1710.201546544571,0.03457908090114474,11253,0.4493928060211479,192.168.4.2,0.0
1061.4218578984025,0.02384963160985322,1853.6427422743047,0.030381427735861378,9834,0.49928436392581876,192.168.4.2,0.0
61.21662468513854,0.021501781357926145,8.706402247405729,0.0293152691225403,1,0.0,59.96.39.154,0.0
1006.0718645047127,0.018789431111545365,612.0001155091919,0.03764040786352516,13464,0.9252946203941113,192.168.3.2,0.0
52.9170549860205,0.021275003269689726,32.189063943946294,0.030404012226471655,1,1.0,189.27.48.18,0.0
1572.5152130746908,0.021073521551001395,1013.0941277451248,0.023690687330820324,3902,0.052123109821292195,192.168.3.2,0.0
1252.2728457828184,0.008186191673960093,254.60748171184008,0.011789084008517723,1,0.0,210.77.74.28,0.0
1314.2102249110978,0.018040249914605507,984.9896170635616,0.03730841989640122,6786,0.7714668373237624,192.168.3.2,0.0
53.39438024773464,0.028651947550607525,33.892927734133536,0.03146697344438456,1,1.0,24.49.13.169,0.0
894.4215640708458,0.024849542227048667,1116.77715325292,0.04826920096495059,12684,0.5971269833324991,192.168.3.2,0.0
1408.666936315985,0.027040187957003536,1051.648671909073,0.03419927812046171,6747,0.09734615543357134,192.168.3.2,0.0
1076.2202794617774,0.025124439185987328,968.3695221204645,0.04559561552847811,9427,0.6490832470796983,192.168.3.2,0.0
82.125,0.04948616027832031,137.82481397711405,0.07312089549369613,1,1.0,217.164.127.240,0.0
1137.5521198324402,0.022073223765263612,738.2917332509717,0.050925722612495006,7214,0.8981081717560248,192.168.3.2,0.0
51.42527795945062,0.033352671026637776,32.95667974018941,0.02852806770857326,1,1.0,189.177.223.123,0.0
564.1431592861863,0.027233350187853698,839.4736657834629,0.03654085772373492,5112,0.09201281203924958,192.168.3.2,0.0
1213.9511138236192,0.04325248811679313,355.9785062188733,0.05177185573182257,1,0.0,81.63.188.20,0.0
868.1279831322696,0.02479964915000854,1223.1979160485055,0.048898527547603106,12207,0.7864038678385518,192.168.3.2,0.0
1383.885942626897,0.023346720904432156,1365.461673489544,0.05136455733908992,5694,0.7688632778069935,192.168.3.2,0.0
895.6888321391086,0.026982163595555633,969.7442562451832,0.04282361062682343,11996,0.7395267729485367,192.168.3.2,0.0
1014.1087280592153,0.027147042438114503,1309.8518847303428,0.04323814442770144,11078,0.5418996820363461,192.168.3.2,0.0
1732.5435377333022,0.02605864969323468,910.1874542620766,0.02667421100887012,4008,0.06753838123863862,192.168.3.2,0.0
832.104526364909,0.02759700209645718,1030.8360039090526,0.046158985106563424,15387,0.6900131186222805,192.168.3.2,0.0
1472.5873102367023,0.030493138408639008,908.9511108123294,0.05181715571870125,3660,0.06592482123054567,192.168.3.2,0.0
1145.9246906514575,0.02895523322152968,1118.7151093076382,0.06553984025751297,6375,0.8121904047680133,192.168.3.2,0.0
1143.7072346613631,0.032215322056450106,1045.68752695956,0.0638407338964208,6181,0.7070421932807254,192.168.3.2,0.0
57.57221081451061,0.03133164228926286,24.321049451253486,0.04311750460806248,1,0.0,76.231.24.165,0.0
909.0874760771134,0.03605955733430712,845.7259665805838,0.06256177754913589,10265,0.7698034822387154,192.168.3.2,0.0
542.0934643581345,0.01924232581981611,917.8640194691619,0.04607440537946365,12944,0.8370113866791452,192.168.1.2,0.0
1682.0463219773649,0.0160874060110929,918.6903142257987,0.020105696829480133,2736,0.02610744105294249,192.168.1.2,0.0
660.5632388995724,0.01964929155009776,981.6959191163379,0.03934783611676853,8099,0.7306688342155522,192.168.1.2,0.0
597.7439188496875,0.02325800124680134,908.9135769228337,0.04652981543223671,8558,0.5603401755524438,192.168.1.2,0.0
56.50058616647128,0.030995300758066658,19.415316593745022,0.05102948014808641,1,0.0,190.17.120.240,0.0
969.5701740815899,0.028674783168259214,989.3773051374687,0.049825111784070134,4326,0.058066629660299754,192.168.1.2,0.0
1316.656981039153,0.02368203400684912,140.87191167589205,0.03159857334572714,1,0.0,119.57.0.241,0.0
1222.5223435948362,0.023409977925214417,347.6476633893982,0.02633746795614803,1,0.0,210.56.70.127,0.0
1061.8476126429052,0.019440631721084414,1354.3886963423938,0.04956349215594233,6108,0.556063662855862,192.168.1.2,0.0
44.274398069716106,0.013094620450308353,8.0076150426441,0.02468792929113075,1,0.0001026746752913394,95.63.149.143,0.0
586.7036663128921,0.025254569412389703,896.70737382897,0.0524137209378616,12794,0.7224422527676391,192.168.1.2,0.0
1268.635410111181,0.02938412057879121,990.6741290198261,0.047206880183015644,6076,0.08099083980141249,192.168.1.2,0.0
431.272255538992,0.03446803746052579,769.7627874883384,0.03947335525996942,4457,0.07113351616463921,192.168.1.2,0.0
288.75389298346977,0.01874453003653373,596.8633951398247,0.03633634431309654,3121,0.06789645016276546,192.168.1.2,0.0
1307.4773173913761,0.02993200088026478,199.53916566640365,0.03836732974615613,1,0.0,220.132.58.228,0.0
466.32181447315224,0.029843574488735623,893.4431306653548,0.06879915913187039,10596,0.8396670219412694,192.168.1.2,0.0
1364.0294570066144,0.036061030469253096,974.7427283335554,0.040970264650812736,3662,0.0604961873997407,192.168.1.2,0.0
1142.9353409359244,0.040114063186876533,1092.4201791384546,0.050758927431542346,4301,0.08523050852166182,192.168.1.2,0.0
441.9644765908929,0.04020677200079888,782.0727109419862,0.08732924471995034,7003,0.7568469559847028,192.168.1.2,0.0
947.9096692884691,0.03904166769426047,977.4616063143047,0.053005571504937475,5298,0.1133954872604695,192.168.1.2,0.0
529.7148019545305,0.04588979950426458,1046.3848726530503,0.08036748455458358,7540,0.6517196411456943,192.168.1.2,0.0
320.9497083025856,0.040420314728241896,342.2347116129416,0.1008340206592313,5312,0.8155135684549087,192.168.1.2,0.0
543.9974321438,1.8536150505539953e-05,0.605671497867769,4.2558012821582495e-05,1,1.0,172.16.0.5,1.0
543.941863187021,8.804262694362758e-05,8.18290888865867,0.00015387510946023204,1,0.9997959269418452,172.16.0.5,1.0
543.9732389507941,1.5505583882448055e-05,3.7074115150242895,3.782848641091786e-05,1,0.9999340122077416,172.16.0.5,1.0
543.9279851495986,1.2269505456089661e-05,6.002012068836996,2.941517719703741e-05,1,0.9999940022611475,172.16.0.5,1.0
543.9477736618726,3.293538043865815e-05,5.002027410404676,0.001270893237130613,1,0.9998740233056884,172.16.0.5,1.0
543.9032224192296,2.6133222960285907e-05,6.756391818079422,5.222212042734802e-05,1,0.9997659913416796,172.16.0.5,1.0
543.9762879517241,1.4957239976387753e-05,3.4319339462379785,3.740462166925549e-05,1,0.9999400150562209,172.16.0.5,1.0
544.0,2.3125636764895345e-05,0.0,4.779335685185032e-05,1,1.0,172.16.0.5,1.0
543.9402392350238,2.9300505327553962e-05,5.272968822448406,5.626348934811997e-05,1,0.9998560270669115,172.16.0.5,1.0
543.9915299989202,1.8598449043842424e-05,1.8085348064668934,0.0002083973913618971,1,0.9999880028313318,172.16.0.5,1.0
543.9650939236793,1.83154737255838e-05,7.011957911842357,3.4954052362653104e-05,1,0.9999760054467636,172.16.0.5,1.0
543.9865627277662,2.2777898526555774e-05,2.462223160993014,4.728507508366074e-05,1,0.999970006088764,172.16.0.5,1.0
543.9580427132739,2.4656005370308608e-05,4.483816687996775,7.702556006221795e-05,1,0.9998980017339705,172.16.0.5,1.0
543.947266749856,1.3876802908937128e-05,7.654419839567544,0.00018861338192246635,1,0.999898013054329,172.16.0.5,1.0
543.9144430580218,3.723760921712422e-05,6.323095279699608,6.781263386383388e-05,1,0.9998020348418678,172.16.0.5,1.0
392.86159192222766,0.00010049265128874879,46.29395677940687,0.00018805060054664444,1,0.9998077968937357,172.16.0.5,1.0
543.9940967202001,2.796083076015361e-05,1.7042263713808425,5.44293153346284e-05,1,0.9999880014638214,172.16.0.5,1.0
543.9561955673014,4.276892853768439e-05,4.526651597636904,7.740124738019876e-05,1,0.9998918853985225,172.16.0.5,1.0
543.9794668458244,2.0450871845968594e-05,3.171577614556245,4.3922586070921595e-05,1,0.9999640084939955,172.16.0.5,1.0
543.9575362762212,1.6724321711719616e-05,4.496695425697925,0.0004960591620028991,1,0.9998860275813253,172.16.0.5,1.0
543.862900950334,0.00012434156746854672,8.141344695933045,0.00022561694227642175,1,0.9996578076879206,172.16.0.5,1.0
543.8912930026094,3.594622565232543e-05,7.1027842445211755,6.610595598196364e-05,1,0.999742059326355,172.16.0.5,1.0
543.9639829873005,3.15379928812121e-05,4.178347033653604,5.9645354026720566e-05,1,0.9999160162928392,172.16.0.5,1.0
543.9348375738199,3.065181241949898e-05,5.580694654189288,0.0003954087436750114,1,0.999850035841434,172.16.0.5,1.0
543.9264773811167,1.5014166768953348e-05,8.340359579435388,3.0430733742366407e-05,1,1.0,172.16.0.5,1.0
543.884079914102,1.6085503019056227e-05,7.381575429825268,3.9007507088805395e-05,1,0.9997285526426908,172.16.0.5,1.0
543.9698993244298,2.733537012922762e-05,3.804652207357391,5.281497308261312e-05,1,0.9999280031678606,172.16.0.5,1.0
543.9974325982046,1.9091985683699223e-05,0.605617906861135,4.2797794334983014e-05,1,1.0,172.16.0.5,1.0
543.9785931345639,2.3628434048586246e-05,3.1842698916999224,4.779766403295792e-05,1,0.9999460028618483,172.16.0.5,1.0
543.9822925508145,1.59658150365732e-05,2.9515720513396855,3.859550357932753e-05,1,0.9999640092496228,172.16.0.5,1.0
543.9733323732028,1.6222582047449346e-05,3.491400195757184,3.967829075888554e-05,1,0.9999279902066681,172.16.0.5,1.0
543.8643743457617,4.893729498399519e-05,8.840514010583302,8.696870317751457e-05,1,0.9996520727168022,172.16.0.5,1.0
543.9855552789517,1.5658323907869766e-05,2.639955712612613,3.8663433975277134e-05,1,0.9999700068084545,172.16.0.5,1.0
544.0,1.8795248362117123e-05,0.0,4.116760443220528e-05,1,1.0,172.16.0.5,1.0
543.9846122004553,2.155291983409031e-05,2.6945412790220393,4.539252449655325e-05,1,0.9999580060051413,172.16.0.5,1.0
930.5158175916675,3.4130206292414046e-05,624.3084276382773,8.665151136756473e-05,1,0.9997515154966325,172.16.0.5,1.0
543.9846975195705,1.7516559589274203e-05,2.683068698256338,4.033166420129936e-05,1,0.9999640082780961,172.16.0.5,1.0
543.9970486433957,1.711050721792869e-05,1.2050158065429992,4.0207976022625666e-05,1,0.9999940013077149,172.16.0.5,1.0
543.9041256235256,3.3034586963249526e-05,6.723937180651152,6.18568095014996e-05,1,0.9997718991794373,172.16.0.5,1.0
543.9195630526328,3.385775874534069e-05,6.127382121296699,6.30955052172397e-05,1,0.9998080406953725,172.16.0.5,1.0
543.9690066663657,2.5555471580130748e-05,3.8288397480408363,5.1272256066054584e-05,1,0.9999217492062059,172.16.0.5,1.0
543.9497567325978,6.0255883688880614e-05,4.932290175480495,0.00010635514920707441,1,0.9998860152739533,172.16.0.5,1.0
543.962907494286,2.6933846886115256e-05,4.168025235081146,0.00016026343852391248,1,0.9999157945386744,172.16.0.5,1.0
543.6629047613309,0.0002587641258491206,12.712432496323995,0.000479237498697823,1,0.9991986117303961,172.16.0.5,1.0
394.21841646855177,8.1993582053386e-05,43.62286418054135,0.0001523542057640213,1,0.9998510029908958,172.16.0.5,1.0
390.72773012852264,3.896242512893939e-05,32.57330327913507,7.177134687347534e-05,1,0.9999478609974192,172.16.0.5,1.0
543.9386719452942,2.0077116137167006e-05,5.335645165334585,4.390850329824498e-05,1,0.9998500389898627,172.16.0.5,1.0
543.9154675233904,4.071027902019833e-05,6.308478349905776,0.00012701934236125013,1,0.9998020176204317,172.16.0.5,1.0
543.9941932832844,1.978705872544221e-05,1.6764324029930477,4.3606919882696574e-05,1,0.9999880026514141,172.16.0.5,1.0
544.0,1.5266870247100635e-05,0.0,3.772118972352721e-05,1,1.0,172.16.0.5,1.0
543.983538008363,1.9895603255888255e-05,2.754425191152586,0.0010602624379191794,1,0.9999640043914643,172.16.0.5,1.0
475.468635581864,0.03159264874526488,177.5643377814119,0.3305014021575577,1,0.8305952117164171,172.16.0.5,1.0
199.06896821669014,0.05300204452819549,335.6488254800849,0.3218521824798087,19,0.0056364490371066224,192.168.50.1,1.0
146.42323112332022,0.04327444092398435,314.1663926108003,0.3104287285034628,161,0.12844309154354444,192.168.50.6,1.0
147.28016654049964,0.055461986393390686,318.54157738546456,0.35656284771375324,158,0.12770628311884935,192.168.50.8,1.0
130.33433688436006,0.045944021994894224,285.317709034928,0.2959753260202292,100,0.17840049405589006,192.168.50.7,1.0
543.9793456351682,1.692394180021411e-05,3.1665685882557773,4.030951859626095e-05,1,0.9999520084465134,172.16.0.5,1.0
543.9529232513429,2.4081319798027746e-05,4.870871385945553,4.8639964929687307e-05,1,0.9998800286731471,172.16.0.5,1.0
543.9557711111511,1.6420420484429402e-05,4.54280222779525,3.9084575481071454e-05,1,0.9998920222434179,172.16.0.5,1.0
543.9460544074863,1.173550006899292e-05,8.175319899836703,3.102423291716435e-05,1,0.9999460124171441,172.16.0.5,1.0
543.9970484574891,1.672069468262876e-05,1.2050537579507496,3.999267125020021e-05,1,0.9999940009298559,172.16.0.5,1.0
543.9577593627314,1.5128428716987874e-05,4.384288562624466,3.736929262106712e-05,1,0.9998920290441871,172.16.0.5,1.0
930.3173054527574,3.653530723939219e-05,624.2258558855028,8.382083139000652e-05,1,0.9996273388369866,172.16.0.5,1.0
543.8913795073145,5.3599426908689666e-05,7.2186725056995655,9.555466309800528e-05,1,0.9997414513597854,172.16.0.5,1.0
543.9563692863292,2.8663135276367344e-05,4.6104724252656615,5.533230324534101e-05,1,0.9998980170311558,172.16.0.5,1.0
543.9939422166799,2.1885927179942606e-05,1.7473108683568608,4.6172129936354764e-05,1,0.9999879805886507,172.16.0.5,1.0
543.9259643587636,1.772164138667366e-05,8.292854539254298,3.393454841811415e-05,1,0.9999280217374353,172.16.0.5,1.0
543.9563754461057,2.5065667337388306e-05,4.566413361751238,5.076668448505319e-05,1,0.9999039503423269,172.16.0.5,1.0
123.78219587913374,0.0014726897827443033,245.0939308959269,0.057551924614880436,1,0.15916814918158492,172.16.0.5,1.0
40.47946132744309,2.4500452887607474e-05,20.92705705728524,3.647730062818158e-05,1,0.0,192.168.50.1,1.0
543.9544452608376,1.2671502202905216e-05,6.284460670149142,3.208144387248749e-05,1,1.0,172.16.0.5,1.0
543.9622083519542,1.9556113632410797e-05,4.243617521451673,0.0010592696312216095,1,0.9999040212113123,172.16.0.5,1.0
391.70508344556754,5.017896222311511e-05,36.5759743096843,0.00016566888175271384,1,0.9998300142526512,172.16.0.5,1.0
543.9616653470573,1.2079080260501559e-05,5.188541623330921,2.928511987627519e-05,1,0.9999760071018978,172.16.0.5,1.0
543.9039114750843,7.218529714325163e-05,6.69226992114435,0.0009535351097304586,1,0.9997713467376295,172.16.0.5,1.0
543.8845248412839,2.0235305096904875e-05,10.704805293412775,3.883354043225363e-05,1,1.0,172.16.0.5,1.0
543.9436890932486,3.8820125291076326e-05,5.171775854365786,7.015261738960912e-05,1,0.9998620271806454,172.16.0.5,1.0
543.97103900856,1.5200900258632773e-05,3.7429662991397628,3.831602773712601e-05,1,0.9999400145164871,172.16.0.5,1.0
543.9881947152155,1.7309066562166897e-05,2.4099954708352893,4.1419910131969536e-05,1,0.9999760055187307,172.16.0.5,1.0
544.0,2.07934208711632e-05,0.0,4.358875136886685e-05,1,1.0,172.16.0.5,1.0
543.8940678220287,3.2274806191484e-05,7.046856423300048,6.0417752491316106e-05,1,0.9997480519013083,172.16.0.5,1.0
543.977245595196,4.547322032342828e-05,4.95953824638747,8.1062631923784e-05,1,0.9999280113742028,172.16.0.5,1.0
544.0,2.1110422386853134e-05,0.0,4.417605804457234e-05,1,1.0,172.16.0.5,1.0
543.946609076457,2.232996416762715e-05,5.188041055245107,4.643796279354802e-05,1,0.9998680224361859,172.16.0.5,1.0
543.925920150187,1.4001763138567896e-05,9.703908603987966,3.124476936692192e-05,1,0.9999820063517578,172.16.0.5,1.0
543.8691523207801,1.1785673505411223e-05,9.445200473337291,3.298003695912845e-05,1,0.9999760110589019,172.16.0.5,1.0
543.9784446944132,3.487091722406159e-05,3.197232270394238,6.444216391612413e-05,1,0.9999460067491563,172.16.0.5,1.0
543.9729047196296,1.5722505247180756e-05,3.6047701790073763,3.765684179463757e-05,1,0.9999280178515728,172.16.0.5,1.0
543.9728672637508,1.6574185292409963e-05,3.5792656709884354,4.2152339578810884e-05,1,0.9999340128015165,172.16.0.5,1.0
543.969943433542,1.536580317859689e-05,3.7866897621112874,3.76673823947838e-05,1,0.999921852927209,172.16.0.5,1.0
544.0,1.9463442303328457e-05,0.0,4.161305127331624e-05,1,1.0,172.16.0.5,1.0
